id,type,title,folder
10-YEWTntCWErTM9y7YMY-AJRN1g-zf2a,video,My Shy Girlfriend Looks cute while Getting Fucked xHamster.mp4,xham indian channel 
1-vfIqBRD3JzXJfm98GZhbwJK0fWABEVK,video,Bangali Woman Sex with Foreiner xHamster.mp4,xham indian channel 
1-Te9T4r9IOQSXDuwhr9q007EC0zL2fSD,video,Uncut Viral Mms of Indian Hot Girl Roshini Bhabhi in Hindi Voice xHamster.mp4,xham indian channel 
1-dC0NKJc-4VD2LtX4n7RrCTPIV8xnCEM,video,Frist Time Sex with Bhabi Ik Kitchen Sex Indian Old man Porn xHamster.mp4,xham indian channel 
1-_vnbwO5iWb4AI-4w1JUUSQ5MxBzF-Ms,video,I Fucked My Friends Girlfriend when he went out xHamster.mp4,xham indian channel 
1-UVwSXX8qC9ysGfbGs6AT4Zdv9JlbXG_,video,with kissing full Stepmom fucked hard in her big ass xHamster.mp4,xham indian channel 
1-RprPdw86Ft88AxZQhTsixn4rvtx7uNL,video,Sex video with big hot girl xHamster.mp4,xham indian channel 
1-QUeMyPXCGsb64VYPDgjAd2LUVtN3SwG,video,Indian Desi Village Sex-full HD Viral Sex 69 Porn feat. Hotsonabhabi xHamster_1721071090866.mp4,xham indian channel 
1-FgmJzW2SMQjlpjhaYBAcN6c-jr7Ta4B,video,Latika My Horny Sister Hard Core Fucking Tonight Dirty Talk Homemade Porn feat. Hot Sis xHamster.mp4,xham indian channel 
1-9Dq7TpAME1n-LO-eVv1YwY27wyqd07T,video,Indian Teen Having Romantic Sex on the Floor and gets Creampied xHamster.mp4,xham indian channel 
1-7IN_t3gNSXxF7V8x-SJzQoQb3oIjPj8,video,Sexy Teacher Wants to Fucked Her Big Cock Student Long Hair Porn feat. DesiSexCreator xHamster.mp4,xham indian channel 
1-5IY-Fv8jxSBiYJIzDDMZssh_FoXxQ5r,video,I Fuck My Stepsister and She Makes Me Cum Inside Her Pussy Hardcore xHamster.mp4,xham indian channel 
1zuDMjuN27xC1q_gxbU3-SEOQGAQzBHSx,video,She is Surprised Uncle Carlos Walks Around the House Naked Small Penis Humiliation Amateur Porn xHamster.mp4,xham indian channel 
1zshLIEDrsz-Ss9egy9yHwzsq6EKlPdWi,video,Indian aunty fucked by her friend xHamster.mp4,xham indian channel 
1zfS5_NS6TQK2VK_Ry9IHTEtswMYQQjP6,video,INDIAN xHamster.mp4,xham indian channel 
1zWOuv_giwYVARDUqzW7yctQMBQzonSv0,video,India Village sex video with wife.mp4,xham indian channel 
1zLE1QIYrIcDmRCRmmn2eBQUT_T2L1QE5,video,I Fuck My Stepsister Priya While She Is Resting Desi Sex Indian Hardcore xHamster.mp4,xham indian channel 
1ypqx5euQIN6Rv2SngVHAz2bw5xy7ORs7,video,He Cums Twice in a Row Fucking Indian Stepsister Missionary Porn xHamster.mp4,xham indian channel 
1yexmJLdpI2Os0OYkOYKW02ciKD5RBrhN,video,Married Stepsister cheats on her Husband and gets fucked by Teen Brother (HINDI AUDIO) xHamster.mp4,xham indian channel 
1wJjyq1zclX_gFizD8ifjuQ0uWZPOGCj2,video,Real Sex in Night with Lover in Flashlight feat. DESICPLIND xHamster.mp4,xham indian channel 
1w4rS251HP0OnlJgYNTt87WKsXqjJLXOw,video,Tamil Pussy Hard Fuck by Hot Indian Man xHamster.mp4,xham indian channel 
1vsUDsc8_IWJzSEHfq3KDs1ML8xIa4aMe,video,Real homemade fuckd by Indian wife husband xHamster.mp4,xham indian channel 
1v9QpZvvriD6DDhdww-khqgou5jtsbPX4,video,Morning Sex With My Wife – Romantic Morning xHamster.mp4,xham indian channel 
1kJ0Zcpe89k3GsnT1fioDww8i9kGfuIOq,video,Bhai ke dost ne uske behan ko akela pake room me chod dala Hindi Audio xHamster.mp4,xham indian channel 
1k2AQ7ZDcSSCmCSF4yMb_SGanKe7KpJHf,video,arabic Unfaithful naughty Muslim wife xHamster.mp4,xham indian channel 
1kYC2ohFbegROaxe7cJTfU1QfFjNSwwbp,video,En pondatti nalla ool vaangura xHamster.mp4,xham indian channel 
1kTyizQu1bJTcvH02dzmaIAkDfK4tc7d4,video,Desi indian xHamster.mp4,xham indian channel 
1kTMggtnylFH0CMqFheRFC59yeso-j7Bw,video,Desi Horny Wife Uncle Affair Armpit Tight Pussy Porn xHamster.mp4,xham indian channel 
1kRSXy0y1FdbvEykc62RCOLPp_AejMhwi,video,Desi collage girl fuck hard xHamster.mp4,xham indian channel 
1kL1yfplq73vmXvhqbqsqO8IIUxUpN8tb,video,Big Cock Long Hair Hardcore Porn feat. Hot Sis xHamster.mp4,xham indian channel 
1k0ZTncdCHo5o-BLNnfoOhQ4LSfWwbJFn,video,angry hasbend sex Whit gairlfrend xHamster.mp4,xham indian channel 
1jxJ_LYO1mwokePJdPEtnXJ9n3MDERgYr,video,18 yers old newly married Bhabhi ko choda doggy bana kar desi style me clear dirty Hindi audio xHamster.mp4,xham indian channel 
1egSG-VRsP5ToWwQqfddct4ERAAogVRQf,video,Fast Time Sex with Wife Hindi Audio feat. Kajals90 xHamster.mp4,xham indian channel 
1fComZdjNzmSznpyDM_3-_G8UPvtGnERd,video,Sexy chut xHamster.mp4,xham indian channel 
1eZ83V4QnlHzpk5r2jRnrH4jiUGGnNo6S,video,Indian Tamil Girl Mamanaru Fuck with Tamil Audio Cum on Feet Porn feat. VISHNU xHamster.mp4,xham indian channel 
1eUCpoEYaDXso4Z2ju_sl87DR5j1S5UP4,video,Nice Beautiful Sexy Man Cute Big Dick very Sexy Chut Interactive Hardcore Porn xHamster.mp4,xham indian channel 
1dgI9uXvH51tny4B8s56RJt6dcG0Mkfrm,video,Desi married wife xHamster.mp4,xham indian channel 
1deQy-MAXlAbWoQ8DnbtWGbihuTBO7V6J,video,Husband Fucking Virgin Indian Desi Bhabhi Before Her Marriage so Hard and Cum on Her xHamster.mp4,xham indian channel 
1dB2QlpljMEOp6Zu741OuyUiAqkboHEhM,video,Hot South Indian Girl Fucked by boyfriend at hotel room Clea xHamster.mp4,xham indian channel 
1d3vKRLEY-EWzv3k3tQSKLrWy_sqeP_BS,video,Indian aunty Nisha fucks with secret bf and gets creampie xHamster.mp4,xham indian channel 
1cO1vjURAHPRKY9XA5_606uihy6LUmoSO,video,My horny cousin masturbates in front of me. Part 4. We fuck until I cum. xHamster.mp4,xham indian channel 
1cNJkXcal1IWKbnaMO9cXkBI8BPSE6ogb,video,my delhi rich client fuck hard by me and bounch big boobs xHamster.mp4,xham indian channel 
1cJ_L7L7gqw_pmoYkF9GyWgRt36bHY6B6,video,Sudipta was fucked hard by Rishi, moaning xHamster.mp4,xham indian channel 
1cHopnMFcE-fiyDBtw05ZrWFXXU8XeMf2,video,Sexy wife is desperate for hardcore sex xHamster.mp4,xham indian channel 
1c5-mcLngh0eHb_7EeCgi2mQv9BjCWpxa,video,Hot bhabhi ki choot me ungli kar ke khub hasaya dewar ji ne xHamster.mp4,xham indian channel 
1byasSgLOrA76XX9yTMtZeEN2EAveAjZ4,video,Desi Cheating xHamster.mp4,xham indian channel 
1byQKyllzkXMOMa_DuZZDLEM0YDPShSEQ,video,Fucked My Newly Girlfriend Young Girls Priyanka In Indian Couple Hardcore Sex Hindi Audio xHamster.mp4,xham indian channel 
1br9r6jHYVDM0Ndc1S2EUS45Mir5FAkQf,video,Little Sister is Resting in Her Room and Her Older Stepbrother Puts His Penis in Her Mouth - Homemade Porn xHamster.mp4,xham indian channel 
1bCCoBOKxOGmmymez904IMW9qIPIK5oSS,video,My name is Shivani, Video chat with me xHamster.mp4,xham indian channel 
13BFv428gGbFKtcR9-FftVofBn5rnIRwH,video,24938(1).mp4,xham indian channel 
1uZ4unlrX9pJdp3BStBInoN5gRu7Ianyq,video,Copy of indian nice Step-sister passionate fucky-fucky with her step-bro with eating pussy and dick from Xvideos.mp4,ind leaked col
13OWdWVT-hsfXwnmWBdP8qItTHZMfzf-q,video,6393By__Desipremier_On_TelegramBeautiful_Desi_Girl_fucked.mp4,ind leaked col
117ChZhStmPS8Oum9LFHDeqqPs4_9NqS6,video,Girl Plays With The Dick And Bounces On It Like A Slut Porn Video » MasalaSeen.mp4,ind leaked col
115RzqDQC8vLcTIZOl9S9QS_pMq9oxRMM,video,Young Horny Tamil Couple Fucking outdoor - Mydesi.net.mp4,ind leaked col
10dQpm41doizdlM640EcvIlYJoBbZy60K,video,Tamil Bf Outdoor Sex MMS with young lover - Mydesi.net.mp4,ind leaked col
10YaJUU4HyrJ72CU7OFdhm6DUMAffrnjD,video,Tamil Girls Sex Videos want cum in mouth - Mydesi.net.mp4,ind leaked col
107NUqIQCRfy9kRXqsrgpMitnUjOi8Zxt,video,fsiblog tamil viral videos Villager caught Mallu wife outdoor sex with lover in jungle - Uncutmasti.mp4,ind leaked col
106YiaRT4PjGngeIuTWUHc6tCVeEgClkn,video,Free Indian Hindi XXX Tamil husband fucking wife and saali leaked mms video - Uncutmasti.mp4,ind leaked col
102yH3F7P0M_YoNV7d0I6ykdOevghq8B4,video,Tamil girl blowjob and outdoor sex with bf hidden cam recording mms - Uncutmasti.mp4,ind leaked col
1-uYIE_laKcemrpLcvMTJgxDwdZMHpEZt,video,Tamil slim ladki ki jungel mai chudai - Desivdo - Desi Videos.mp4,ind leaked col
1-nBELJxYM7szhGMp72D5G6ofsGrAXWMP,video,Husband Caught Wife Nympho Fuck With Lover Outdoor In Jungle Xxx Desi Mms - XXX Indian Films.mp4,ind leaked col
1-P9lV5TzUxZXhx21hZ9lMwbg491_0KW-,video,Young Lovers Caught Fucking In The Outdoor By Local Guys - XXX Indian Films.mp4,ind leaked col
1-O21RPv40sJsFz1FIOZNT7pK72KrHXQO,video,desi viral leaked outdoor sex mms video sexy Tamil college girl pussy sucking by junior boy in park - Uncutmaza.mp4,ind leaked col
1-IbTVQzFvmC6kMpkXyXW3N0EQ-o55E-E,video,Mature sexy hot tamil aunty porn doggy fucking outdoor caught mms.mp4,ind leaked col
1-HKMO2nhLcVRIbUr0cKODwRpdhM4Ghay,video,Fsi blog Tamil sex video horny girlfriend nude blowjob outdoor sex mms with lover - Uncutmasti.mp4,ind leaked col
1-iB9EgCx2q99rp3n6a-WGnrxCcZP_G1O,video,Midnight Hot Sex with Neighbor Bhabhi Moaning Clear Hindi Audio xHamster.mp4,ind leaked col
1-DFg2jdp-QkIlu-eFVCqxNu2HqX0OFrS,video,Mast chudai no 1 xHamster.mp4,ind leaked col
1-8ExQH9dqouKPsdYjsXneUzHr_4_uiAC,video,Today My Stepnephew Enjoyed My Youth with Me for the First Time and I Enjoyed Sucking His Thick Cock xHamster.mp4,ind leaked col
1-bHXOvs8ELAAwpvzHg390xIhyCY8rU7Y,video,Kavita Vahini and Sunny Indian Small Penis Encouragement Homemade Porn xHamster.mp4,ind leaked col
1-Fhvv2JbKJ-tCCYXHZu_MVMNfRhtqTOp,video,My Friend Hot Wife When His Husband Not in Home Rough Sex with Her Husband Friend xHamster.mp4,ind leaked col
1zdKIMCjmLdPvPUqFnaw-rH-8_GA81o0J,video,Sri lankan tamil girl gives blow job xHamster.mp4,ind leaked col
1yn88bTP8QkXbfmTt3-L04spbGCa0XTDy,video,Pakistani actress meera in sex scandal with captain naveed xHamster.mp4,ind leaked col
1ymiJdCgd27Bplm-veoTU4gx-M4CknH1E,video,Indian hardcore xHamster.mp4,ind leaked col
1vt-sNwF4YtCiKRI0YZYL5e1NdbmcYNiM,video,Sexy Indian girl gets fucked xHamster.mp4,ind leaked col
1f5vAVV8vLFXZ7zKaQ4eIQImnyOn5-PGA,video,Vacation with husband – sucking cock in hotel room xHamster.mp4,ind leaked col
1euAFTgbGJThStw-dN-qslQAyZD9P3UmA,video,Tamil couple sex xHamster.mp4,ind leaked col
1ekE-wfabnXVWRgONIh71uk-v2nVZIh6W,video,slim cute desi indian housewife blowjob n doggie xHamster.mp4,ind leaked col
1efXiQOzNrdDIUaZKF3TwXQjKGMGY4sOy,video,Desi girlfriend and boyfriend fucking in room xHamster.mp4,ind leaked col
1dNJ0DUIUEM-cmHOP9puUqEog3a2_TAyH,video,NI aunty fucking xHamster.mp4,ind leaked col
1dEd6I8X9zgnDR7wxu2czYso5lPxuMFEK,video,Awek india klang xHamster.mp4,ind leaked col
1cXqEGv0QA0U0KMy51EUQRqZiGiUce-K8,video,Bihaaran ok choda hotel main xHamster.mp4,ind leaked col
1cShEnkaMGHy1ma6hKuLSMgEHr2iPcvsU,video,North Indian girl fucks xHamster.mp4,ind leaked col
1cBUbir3AaLvFR3bRTtnbrqWc2tMGzosY,video,The Husband the Milky Wife all Night Indian Sex Indian Widow Viral Sex xHamster.mp4,ind leaked col
1c-O9Nkg9Fq9jB2GpfsZhwsDJwh_M4oWd,video,Tamil xHamster.mp4,ind leaked col
1bz9qItnpubhI1yrnzs3Kcsh1vYN7oMWJ,video,India Desi Girl Fucked by Step Brother xHamster.mp4,ind leaked col
1b4izoXz_skIiqRPPXmDEVvS8M6DwJG-n,video,Beautiful Indian Cuple Big Chook and Fucking feat. Kajals90 xHamster.mp4,ind leaked col
1MqsewQ7OBN5xHH2JGQUNbNGnmVxO06zs,video,Desi Cute Indian Girl Nehu Passionate sex with Butterfly Position in fields - XVIDEOS.COM.mp4,ind leaked col
15GAB_K_gPE10DklyVl32DdCJXCDs9neJ,video,Fucked the neighbors beautiful virgin Stepsister by making a bitch in her own house. - XVIDEOS.COM.mp4,ind leaked col
1R5Rs0cIwYuJEI3yBHoiYVmHph3t1Ha3q,video,3ca0e09100e3917821673aadb4a12541.mp4,ind leaked col
14NL36LTmtG9L_lsAggedyaA7BZop3sdz,video,Desi Wife Blowjob and Fucked 2.mp4,ind leaked col
14ACSfhG2CqiLdHAVvsaAHfH1DvSGj4D7,video,cutieeee2.mp4,ind leaked col
15IP7Nyb0sjwtOouFaXOL-XbFjZLxykPW,video,VID-20230108-WA0134.mp4,ind leaked col
159LVN-KlkgLworgS973fQRcndRePb6gG,video,vid__2_.mp4,ind leaked col
15-etVZP0JYSEvYQ9Ivw1-ZRDwsl1ritv,video,Sexy_Tamil_Girl_Fucked_By_Boyfriend.mp4,ind leaked col
14txH8atXC4OFIAha21GP8dhnKIc2FPjZ,video,Sexy Bangla Gf with BF V (1)(1).mp4,ind leaked col
14m3CaQd6zrJ88eN1omGgZsc5TuDOC__L,video,NewlyMarried_Babe_Sucking_Hubby_Dick.mp4,ind leaked col
14gNfaJW77lPielcmsLLDieDh905F0hod,video,MXClip_untitled_3_2023_09_21_12_26_09.mp4,ind leaked col
14ehRCEBwucMRGnJHX7fAww8aUoyeYxAl,video,MarriedBhabi_.mp4,ind leaked col
14c0-yPYTyVfRHVGLcdGUTWephMUauEaH,video,km_20230921_1080p_60f_20230921_125033.mp4,ind leaked col
14_A3zuqDXALkRyeDVwDQFWoIN2JyRDGG,video,IffatAlija1-1570621897045585923-480x848(1)(1).mp4,ind leaked col
14YBkT8hwpI_EZ6Oxmt8h2uoNstEyhC8S,video,Full_50_Mins(1).mp4,ind leaked col
14PL1A6FATrd1vlK2U2pDenUNoZNwEpNx,video,Forced__.mp4,ind leaked col
14CrNdHE8r3cCRwss5K0STCtX-D_JsJlw,video,107480.mp4,ind leaked col
13HhhsgGj8AT0Zvzss-8Vxo7g0k5YUUOn,video,42199.mp4,ind leaked col
12ziqmhiUZRKe5mDIio1wJXJJvd441cKx,video,4355.mp4,ind leaked col
12wyI2clwGsTlm5vcuLVIyleiXujwhEtW,video,2023-03-15-14-42-37.mp4,ind leaked col
12vh1rhHFJNEer4-4mI6XD2feGxc4IFw7,video,2023-02-27-16-22-16.mp4,ind leaked col
12rHfYzf7WekRjQGf-maXwLsjen2lkmJj,video,4_5957593743811937258.mp4,ind leaked col
12pRsWUgZ2PG6Gyo5aQVeZtl-I25A_NkP,video,4_5957463447389078539.mp4,ind leaked col
12f1rItdnEMl97ipA6rkpS6gqUe3BsMku,video,4_5957288328687518728.mp4,ind leaked col
12d2q2RAyJ2WAStEmoDEoyRd1UKgUdaeM,video,4_5957167073170818107.mp4,ind leaked col
12Wh6c_jebuy5EcH6Boyw2NRWtP69f-Pg,video,1_4972149253347476252(3).mp4,ind leaked col
12VweUI4QjUCLuA6w5jkjTUZngpbMwEmC,video,@Desipremier 9HBLD9.mp4,ind leaked col
1xUeMgQAmMz50t7-oLupXi0DDSOyMZNgv,video,I Took My Girlfriend to the Hotel and Fucked Her Hard xHamster.mp4,ind leaked col
103qmjHLNgv5X8d4MmVK9KccgD5El29O2,video,Mirzapur, all sex scenes, compilation, HD xHamster.mp4,indian mov soil
1yY84_pbb4vNWY_OrKQkwMi7pn3vJ2lTG,video,Rima Battachariya xHamster.mp4,indian mov soil
1ps0LDnJ8I1cnByzOfxdMmoxcP-DoRzxr,video,indian aunty affairs............ xHamster.mp4,indian mov soil
1kc5c_kEbC9l4EljnNyx4TAKUFft1M1iD,video,Eva De Dominici - Sangre en la boca(2016) xHamster.mp4,indian mov soil
1kPprD3hCf0surzSOt_PBauflyo2KJfmp,video,Cheating wife had sex with another man, angry husband has rough sex with her xHamster.mp4,indian mov soil
1kOLrx5o95hgQIBP5bmcHfe036uO_b2IY,video,Celebrity home made sex xHamster.mp4,indian mov soil
1kHRlE232gxL6HnpC62yzWYsFvICfMJP1,video,Bhabhi gets ass fucked hard xHamster.mp4,indian mov soil
1eZQVsPY3megyjRnNjwEGpvDAJAiqpIOG,video,Cute and hot desi beauty fucked hard at home xHamster.mp4,indian mov soil
1eRm0nwgCiV1I5FSd6KsKdWTqPkYPz-HK,video,Teacher fucked by shy student in classroom xHamster.mp4,indian mov soil
1eRbznGeWm_lSMrxlp9ummEf0ZGOqofsJ,video,Sex scene adult movie xHamster.mp4,indian mov soil
1dtnU-zRPT0o_rrev_eaMVZY8et5CdXWE,video,Shraddha ki jamkar ki chudai xHamster.mp4,indian mov soil
1c22X3O2_S8akMvVk0dOme8zCitWm08fV,video,Wife sharing Desi xHamster.mp4,indian mov soil
1bWNtG-W4OCMqkoB73TDZ00URO1wzkJK1,video,Aunty in a satin blouse – hot fuck xHamster.mp4,indian mov soil
1bW4rSioeosYHBLghNZbpF9VFuVl_s1p5,video,Wife fucked by the Husband brother with moaning hard xHamster.mp4,indian mov soil
1bUo1T0H0CL2aAjS4wnThRtL25mX3o4-7,video,Biriyani malayalam movie sex xHamster.mp4,indian mov soil
1bRhGcKuN9lezE7UVja1GuV1cuZoWgxl3,video,Desi south Indian in a saree xHamster.mp4,indian mov soil
1bOfRCLXizebRl6jzbwJWPuY9xgymW6GJ,video,Desi bhabhi romance with devar xHamster.mp4,indian mov soil
1b2ynrJ21Rg-IFxP4EmV5PwNmEZtLMeHT,video,Indian Malik ne dhobi ki wife ko choda xHamster.mp4,indian mov soil
153tcyWanOqOaDJdiVsVsk-2n5JWYueB7,video,m22_wife.mp4,xham tamil
15gJz5TbrlMCMEEijd_YZBEkUNB4lYQEh,video,Desi-porn-of-a-Tamil-girl-taking-a-huge-dick-in-her-pussy.mp4,xham tamil
1C9rReh-FVYBc9qFg8jZzTv0q4z9ENK5J,video,Indian Village Girls Homemade Video With Her Boyfriend - XXXBP.mp4,xham tamil
1xljjB4YX9kpR43uoMzLu7gb7CAzfhzMJ,video,Tamil xxx mms of bhabhi taking cum shower.mp4,xham tamil
1OlXwNIT2NIKg6jSyHraGI1SP_1Jxkgac,video,Horny Tamil wife romancing and giving blowjob to husband.mp4,xham tamil
1idEsDz0PeWNHMVWD4f-q0CK6nmHznULX,video,Amateur Tamil wife Varsha intense missionary sex and orgasmin.mp4,xham tamil
15v-D0YeJ05ndjASaVLdkVrzh_r64_fVo,video,1456.mp4,xham tamil
1kdwSjYEfNmwA7oKYCoazBQy1dh3zc7d-,video,The-guy-shows-his-huge-dick-to-his-GF-in-Tamil-porn.mp4,xham tamil
13PuEPBl6I1ujxOn55NdcqdSiEgI5gXHK,video,MXClip_முதலாளிக்குமுலைகாட்டும்தமிழச்சி_2023_09_21_12_02_55.mp4,xham tamil
1a2exmWX4T2dWwZhSKyQwwoTzsceF4QMn,video,Vellore village girl Meena enjoying secret sex with brother-in-law.mp4,xham tamil
1a7SogaNSY_uFaImKklLj4HvASAMmr2Zd,video,Young Indian Lovers Enjoy Dirty Talk And Whipping In A Car - XXXBP.mp4,xham tamil
1dGYHjPnf3V-JjH9tEBoflfy5U-TYmitI,video,Madurai-lady-hot-Tamil-sex-video-of-sucking-multiple-dicks.mp4,xham tamil
16HXvjXCqt9_hdhkgID5y3UWAEnSpOco-,video,Indian smart housewife sex with husband friend xHamster.mp4,xham tamil
1l0ntLwN8IX-_I-A5I7NkiDYFYvN_NT9q,video,Big boobs Tamil village aunty oily pussy fucked before bath.mp4,xham tamil
1Vla7TFnkJ-MNCg41Gd3-gAvgKaUvGyG9,video,Asian Sister Fulfills Lockdown Sex Fantasies With Brother - XXXBP.mp4,xham tamil
1dWjRA06JHbCKecApa6T7PrNGfAoDprk1,video,1408.mp4,xham tamil
10FB-rEKuwkFns1VSqTjgowqmDEj1Rz6h,video,1135.mp4,xham tamil
11HUqeWQzAbBwBSNCEE5uUGZxEAHjGWzz,video,Hot tamil - Cum, Swallow, Babe Porn - SpankBang.mp4,xham tamil
11GeLDJMhGkAhUkjrriOppBCuWcF0ilk5,video,Tamil Malaysia Jb vandi part 2 - Blow Job, Tamil Girl, Indian Girl Porn - SpankBang.mp4,xham tamil
11CoLNDa_c3axHFoL78crVa2wugiw7KU2,video,Tamil aunty - Aunty, Tamil, Asian Porn - SpankBang.mp4,xham tamil
11CcaU5k1CesDDBpvsYqjtWG1EWRJY45G,video,Tamil 3some - Ameature, Straight, Babe Porn - SpankBang.mp4,xham tamil
119GxusUvJWE5FldXvKTLRT25KgV61zen,video,Tamil aunty - Aunt, Tamil, Solo Porn - SpankBang.mp4,xham tamil
110TDHSlHXA0k94lyccFk5ovt7Nr_ht7K,video,XXX Porn Sex of shy tamil girl fucking in a hotel room - Mydesi.net.mp4,xham tamil
10y2TYrSSvDHxLH3r5UfsKNdG1YzAWwD4,video,Tamil Porn Video of a Chubby Aunty fucking and talking - Mydesi.net.mp4,xham tamil
10sPVs1Qitzd7Kzwk6a5JgabzGF4_bB06,video,Tamil Girl Giving handjob and deep blowjob to bf - Mydesi.net.mp4,xham tamil
10jSMYqrQJMFslSlEuCLCA0tJ0mph6VH_,video,Tamil Big Boobs Girl fucking hard and moaning - Mydesi.net.mp4,xham tamil
10i3MQjoDtpXmbOv4ck1lGr-Yyicke2w7,video,Tamil Aunty Sex with her Husbands best friend - Mydesi.net.mp4,xham tamil
10ZOQnNkj9gRlzSgASjtAcjsykdLeeWol,video,Tamil XXX couple honeymoon Sex MMS - Mydesi.net.mp4,xham tamil
10Y09cIYDZjZAXuKuzEspodzIPNTfKKhu,video,New Tamil sex video Cuckold husband caught wife fucking with old men for money - Uncutmasti.mp4,xham tamil
10GoZm4nh6pZH8AFCUbtFWLs-Y6ZmHCM6,video,xhamster42 Tamil xxx video Mallu girl sucking boyfriend big cock - Uncutmasti.mp4,xham tamil
1-oCj80heWTAIbV8RVUaAJ57EzhZs86Oh,video,Cute tamil girl ki chudai ke doraan uske hot expression - Desivdo - Desi Videos.mp4,xham tamil
1-GPkE4qplfUenHyhnVp4TnHDplwWpxi6,video,Tamil Girlfriend Deep Throating Big Dick BF Porn Video » MasalaSeen.mp4,xham tamil
1yuPGUxHIqNhXHxNRfpW1udABpampOvB8,video,Tamil girl fucking xHamster.mp4,xham tamil
1w6LC4cSkA6wwfNM33k35RZG3HIWW_Yqy,video,Indian Tamil Aunty 8 xHamster.mp4,xham tamil
1vwgy0rMUpBqHHjkgdrQJ3HMM8YdMYr8D,video,Tamil Girl Extremely Hard Fuck in Hotel Room - Uncut Vision Amateur Porn feat. JANAKI by FapHouse xHamster.mp4,xham tamil
1vm4X_LLaCTmiS64QhEH8gzdzpDDsbov8,video,Indian Tamil girl in threesome hardcore porn xHamster.mp4,xham tamil
1kW1-hw6yGpy9YndLds0U8g7TpfMkKwrv,video,DESI xHamster.mp4,xham tamil
1f-bkstdCXtOGaMQZMOmpY9KO5cQzGk8m,video,Swetha xHamster.mp4,xham tamil
1ejzMlrNLy8lx6WEyiDrpL4pqZxSIoWJp,video,Tamil cockhold couples quick fuck xHamster.mp4,xham tamil
1eAdzGSFWQcNAK0FlS2YKLqi1_Xrt9Jmp,video,Tamil Girl Hardcore Audio xHamster.mp4,xham tamil
1e-7uxPCrUB598XC_IEjNo9R1diDwYnMP,video,Tamil couple first night at Srilanka xHamster.mp4,xham tamil
1dwq-92Qq7MESUVlhxwcPa-fytgnR828y,video,Indian college Tamil slut in gangbang xHamster.mp4,xham tamil
1dvlSgu0zmeSQu6RdNsZ6QJekyi6BSdsA,video,southindian desi fucking in hotel room xHamster.mp4,xham tamil
1dsHAk9QRkJbxM6OnghC9rjARhnZuFSXu,video,Tamil girl gets facial xHamster.mp4,xham tamil
1dqKdtaiC0pkwx11H9FUPgijhzZadNn3D,video,Indian Shy Girl Fucked Home-made In Tamil xHamster.mp4,xham tamil
1d_Gs4fhguSyK-JrMAK9Jf0iOwGyJCm1x,video,Tamil aunty bed sex xHamster.mp4,xham tamil
1d1YuRgPZy8fgDWSq2Zvk5quGuBk86URh,video,Hot indian pussy xHamster.mp4,xham tamil
1c8QgEUIv5n0xXqhDli7aafshPIVZ86Pz,video,aunty hard fuck xHamster.mp4,xham tamil
15RhiIXus90zf7DzMTBh11KfGdfxcACtg,video,WWW.RBDISK.COM  .DESI  VIDEOS...video_2022-08-22_12-41-03.mp4,xham tamil
15OIDruT7fcnc8GmrWEnbESVdhGo6FEgw,video,VID-1678719864444.mp4,xham tamil
1Of-KpRgwodE6YcQb_i1uKLw5jq7VWZ39,video,wQp6ZgKnQh0Vnhyd.mp4,xham tamil
1XyLP2f73WDeaUUWpRcRkFvj9h1XqrUT5,video,lrnLWrnPn_DawzX4.mp4,xham tamil
11gPh1tUbdu_b3Nmpa5OjILVyHP3mGGYT,video,Adult_Boss_Main  TELEGRAM 7.mp4,Fav xham foreign soil
15cJTpzHJ2lxbSkr7UFd-81vCf-wtRynz,video,2023-02-26-14-35-37.mp4,Fav xham foreign soil
11nR2n3xupDQUGv7FjVFp46o01H_ObwEL,video,BadAssDownloader - 554p_Bhoomika Hd Porn Hardcore Pussy Fuck (5 min) Video _ PussySpace.com.mpg,Fav xham foreign soil
11paTg9C4NEYkBgqyrlMaI1RtjDQtbcas,video,BadAssDownloader - 1080p_Teen Fucking and Hardcore Blowjob with Amateur Young (15 min) 3D Video _ PussySpace.com.mpg,Fav xham foreign soil
1-_f84XHWcas-Y_PUfyFqZyLKA5cirqCM,video,1726813419092-2023-09-11-17-05-56.mp4,Fav xham foreign soil
1-HPW1_DyBZrdXwBCc8Tf3zZ1kUoHHe0I,video,1726813222921-2023-10-09-13-54-56.mp4,Fav xham foreign soil
1-zrnKnSHRy4NOXNC-JZ2BCml-xv2n2CL,video,Mihriban Er - Koksuz (2013) xHamster.mp4,Fav xham foreign soil
1-inp4KRwaYBLRUL46_CaU_2wIKELPVDs,video,Nice Ebony Doll Look into the Guys Room for some Pussy Penetration xHamster.mp4,Fav xham foreign soil
1-TKWJ25M9255jVcVCvhbYQU4pkiINfIj,video,I Arouse Her Sex Drive and Fuck Her very Rich Cumswap Porn feat. Mishell xHamster.mp4,Fav xham foreign soil
1-f9xWaAmvlYnNQJfDHqUPz1WK3GQytTf,video,I Arouse Her Sex Drive and Fuck Her very Rich Rough Sex Porn feat. Roxxan xHamster.mp4,Fav xham foreign soil
1-OkhVCJ0eHKm6lC_UjgbP_SKAWfh6ETa,video,I Arouse Her Sex Drive and Fuck Her very Rich Cumswap Porn feat. Mishell xHamster.mp4,Fav xham foreign soil
1-PiXU6cbgyU3IS5kfprsJEh47KPlNgqI,video,Make Me Preggo Missionary Amateur Porn by FapHouse xHamster.mp4,Fav xham foreign soil
1zMdHLX-6A767jQDtnjr4jr-ruZp96Y09,video,Lusty Devar Innocent Bhabhi Rough Sex Homemade Porn xHamster.mp4,Fav xham foreign soil
1yneAWwH9t4iCBpBhB7wbWrgC_Q5y2SQC,video,Veronica Sanchez nude - La Montana Rusa xHamster.mp4,Fav xham foreign soil
1yfo4_RP8LttwjgXpo3Umq6z9JNY32mJh,video,My Girl Fucked a BBC in Front of Me xHamster.mp4,Fav xham foreign soil
1wCIEfSfSQ6QffGUlD1tUUo1DXi2njl3j,video,Oh Yeah xHamster.mp4,Fav xham foreign soil
1wCC2cagk6lv70qPJlTS6s4al4OqBCPA3,video,Skinny girl with big tits fucked and sprayed xHamster.mp4,Fav xham foreign soil
1w2kXtImPNrbAg0tXKh0dk1WYp3N2x7Xo,video,Hot desy Indian girl xHamster.mp4,Fav xham foreign soil
1vrkrj0XgSpQ8beWuy2TYS-GGrsTMaExO,video,Nice orgasme xHamster.mp4,Fav xham foreign soil
1uCsFjhn165ty1IRnZh5O_EXi3PwRB7bv,video,Single Mom gets My Dick Deep Inside Doggy Style Porn feat. Merida Sat by Love Home Porn xHamster.mp4,Fav xham foreign soil
1u99zBWqi-jRdZRta2jRkBIPEtBXKueYd,video,Wife Secretly Fucks With Her Husbands Friend in a Hotel Room. xHamster.mp4,Fav xham foreign soil
1ptlSlm5NrqJmYG9cV77bxX1oULkOUqol,video,Marisa Ramirez - Spartacus Gods Of The Arena xHamster.mp4,Fav xham foreign soil
1psdbUMig1LxiHA-JuOO-eaOUmWPvZSAO,video,Heather Graham - Killing Me Softly xHamster.mp4,Fav xham foreign soil
1jxyQXXgUuUzAPqP1JmMX-brFMIDHMHSX,video,Amazing Hot Indian American Homemade with Boyfriend Part 2 xHamster.mp4,Fav xham foreign soil
1kdIitFL0rih8QiRJC6h-tZ57eggAvveU,video,FLORENCE GUERIN - TRINE MICHELSEN - LA BONNE (1986) xHamster.mp4,Fav xham foreign soil
1kJ8f6dv3Pl7Ma4DIiP0NyIzhyKNS1dZ2,video,Bhaiya Ki Hot Wife Ko Bistar Me Jabardast Choda xHamster.mp4,Fav xham foreign soil
1k37GEn5_Cf_3NVhR4wsyZ94canG7KrXG,video,Beautiful girlfriend with big tits and tight pussy gets fucked hard xHamster.mp4,Fav xham foreign soil
1jmYYPxTzRjebhV276tZwUHSUKDGKp0z1,video,7.20 Once a week xHamster.mp4,Fav xham foreign soil
1f1sf6tQRM9x5Fjm-OX-w5DgMmcrQ-IUq,video,great homemade sex xHamster.mp4,Fav xham foreign soil
1eZJ2_r7BKJgrKVZOMimAjQJgL5wbvBD0,video,with my freinds wife xHamster.mp4,Fav xham foreign soil
1eK3bsm8MlHdE07FJ0oo-00GB6S7nDCjk,video,Big Naturals Girl with Fleshy Pussy and Orgasm xHamster.mp4,Fav xham foreign soil
1dF7nA8XS8J7DAhwuteJdygxAmpTw6Elj,video,fucking a stripper from the club xHamster.mp4,Fav xham foreign soil
1cfkXcAP2bB7D28F6IW4P2dhCX87c8oyC,video,girlfriend ki tight chuth me mera lunnd xHamster.mp4,Fav xham foreign soil
1ceBcZMey4CzUvmHh2WpgkuJrGBM7SY5p,video,Village girl fucking xHamster.mp4,Fav xham foreign soil
1cFDBXsduvGQRXvJA6UVZ44eU7_fqTT4D,video,Office secretary both holes drilled xHamster.mp4,Fav xham foreign soil
1cB9fh7CMBdbTFWMdd69vIvH1vmE8KVUj,video,Eva De Dominici - Sangre en la boca (2016) Sex Scenes xHamster.mp4,Fav xham foreign soil
1bjrbzwONkbRAdX87LK17ELTeLquUx3m1,video,I Fucked Hard My Step Sister and Cum on Her Pussy and Mouth Long Hair Amateur Porn xHamster.mp4,Fav xham foreign soil
1bMbPNHhmb-oQWKc4dgSzMpzZeWj85Qnc,video,Adele Exarchopoulos & Lea Seydoux nude and hot sex video xHamster.mp4,Fav xham foreign soil
1bCe0PLKOpmPN8DZE_tJyjah9WVgSuNDT,video,asian celebrity Seo Won nude and rough sex action scenes xHamster.mp4,Fav xham foreign soil
14fnQHCgd-VunhhKLtPj3xJQR7vJvYDVm,video,MXClip_twitter.com20220412T144909271513517306948861957_2023_09_21_12_29_02.mp4,Fav xham foreign soil
12t-OU0fiUu7FnIebv0N-Yc6I1B2tlmXp,video,2023-02-26-14-35-37.mp4,Fav xham foreign soil
12a6djhYpHdzun8Zl7SufCPa0NAydVRXU,video,2_5287625003649470415.mp4,Fav xham foreign soil
